Appellation officielle,Dénomination principale,Secteur Public/Privé,Code postal,lat,lon
Collège Jean Monnet,COLLEGE,Public,17170,46.24185874657446,-0.8089399398295597
Lycée professionnel Gilles Jamain,LYCEE PROFESSIONNEL,Public,17312,45.93024007889999,-0.9668497895338769
Lycée polyvalent Léonce Vieljeux,LYCEE POLYVALENT,Public,17026,46.1775939773852,-1.1510104830182661
Collège Jean Monnet,COLLEGE,Public,17620,45.865212795883394,-0.9650504002109606
Collège Raymond Bouyer,COLLEGE,Public,17770,45.85174928386079,-0.531240095711671
Lycée Polyvalent du Pays d'Aunis - Lycée des métiers du bois,LPO LYCEE DES METIERS,Public,17700,46.10899579921577,-0.7485695907294311
Collège La Fayette,COLLEGE,Public,17300,45.929442164610386,-0.9618604247561143
Collège Marcel Pagnol,COLLEGE,Public,17380,45.96768810599117,-0.7119295900373674
Lycée général et technologique privé Saint Louis,LYCEE GEN.ET TECHNOL.PRIVE,Privé,17250,45.82987564654546,-0.8709198429769531
Lycée polyvalent privé Fénelon Notre-Dame,LYCEE POLYVALENT PRIVE,Privé,17005,46.1652442222621,-1.15031015056318
Lycée général et technologique privé Notre Dame de Recouvrance,LYCEE GEN.ET TECHNOL.PRIVE,Privé,17100,45.74994684204993,-0.6520099404587464
Collège privé Saint-Sacrement,COLLEGE PRIVE,Privé,17290,46.11810673978342,-0.9330905423919326
Collège privé Marie Eustelle,COLLEGE PRIVE,Privé,17230,46.30846121586396,-0.9926503372797246
Lycée polyvalent Jean Hyppolite - Lycée des métiers de la santé et du social,LPO LYCEE DES METIERS,Public,17502,45.441544358244826,-0.4324374334047962
Ecole élémentaire Antezant la Chapelle,ECOLE ELEMENTAIRE PUBLIQUE,Public,17400,45.98153223732694,-0.4567398433141775
Ecole primaire Bignay,ECOLE PRIMAIRE PUBLIQUE,Public,17400,45.915976962138984,-0.60269969704323
Ecole maternelleLandes,ECOLE MATERNELLE PUBLIQUE,Public,17380,45.99125501309035,-0.5978096842871118
Ecole élémentaire Essouvert,ECOLE ELEMENTAIRE PUBLIQUE,Public,17400,45.9885720652826,-0.5215101618421736
Ecole primaire Beauvais sur Matha,ECOLE PRIMAIRE PUBLIQUE,Public,17490,45.882617681568746,-0.18840985846412317
Ecole primaire Chérac,ECOLE PRIMAIRE PUBLIQUE,Public,17610,45.70375334815235,-0.4384099800669038
Ecole élémentaire Prignac,ECOLE ELEMENTAIRE PUBLIQUE,Public,17160,45.82840745558899,-0.35273969224331453
Ecole primaire Loulay,ECOLE PRIMAIRE PUBLIQUE,Public,17330,46.04456320106409,-0.5118796291995026
Ecole élémentaire Aulnay,ECOLE ELEMENTAIRE PUBLIQUE,Public,17470,46.02343137219446,-0.3493097469499416
Ecole élémentaire Archingeay,ECOLE ELEMENTAIRE PUBLIQUE,Public,17380,45.9293496039028,-0.7070105617545801
Ecole primaire Jules Ferry Bords,ECOLE PRIMAIRE PUBLIQUE,Public,17430,45.89604668333993,-0.7927303011133218
Ecole élémentaire Matha,ECOLE ELEMENTAIRE PUBLIQUE,Public,17160,45.86776510383165,-0.3141500319578028
Ecole élémentaire La Brousse,ECOLE ELEMENTAIRE PUBLIQUE,Public,17160,45.89112258588486,-0.36270052228496913
Ecole primaire Berneuil,ECOLE PRIMAIRE PUBLIQUE,Public,17460,45.64376517373626,-0.5995697614844645
Ecole primaire Meursac,ECOLE PRIMAIRE PUBLIQUE,Public,17120,45.64725258588559,-0.8077901896639009
Ecole maternelle St Julien de l'Escap,ECOLE MATERNELLE PUBLIQUE,Public,17400,45.93145895410777,-0.48880039782293955
Ecole élémentaire Agrippa d'Aubigné Pons,ECOLE ELEMENTAIRE PUBLIQUE,Public,17800,45.58112395080601,-0.5503001869832909
Ecole élémentaire Coulonges,ECOLE ELEMENTAIRE PUBLIQUE,Public,17800,45.60721045114918,-0.4270398986026895
Ecole élémentaire Marignac,ECOLE ELEMENTAIRE PUBLIQUE,Public,17800,45.52244429517314,-0.4752803508267011
Ecole élémentaire Pierre de Ronsard Chaniers,ECOLE ELEMENTAIRE PUBLIQUE,Public,17610,45.7184218692549,-0.5573405806379101
Ecole élémentaire Préguillac,ECOLE ELEMENTAIRE PUBLIQUE,Public,17460,45.669945433858686,-0.618449517613484
Ecole élémentaire Louis Pasteur Saintes,ECOLE ELEMENTAIRE PUBLIQUE,Public,17100,45.74759215382304,-0.6403098315687128
Ecole élémentaire Chadenac,ECOLE ELEMENTAIRE PUBLIQUE,Public,17800,45.548214908257414,-0.4450496954384317
Collège André Albert,COLLEGE,Public,17600,45.67659238092952,-0.9265906232656285
Collège Fernand Garandeau,COLLEGE,Public,17390,45.77831845212181,-1.1467997512718209
Etablissement régional d'enseignement adapté Théodore Monod,ETAB.REGIONAL ENSEIGNT ADAPTE,Public,17107,45.72929467843735,-0.6504494698610463
Lycée d'enseignement général et technologique agricole de Surgères,LEGT AGRICOLE,Public,17700,46.10807479781692,-0.776880072579619
Lycée professionnel agricole de Saintes - Le-Petit-Chadignac,LYCEE PROFESSIONNEL AGRICOLE,Public,17119,45.72007240723688,-0.6635695246980274
Ecole maternelle Simone Veil Montendre,ECOLE MATERNELLE PUBLIQUE,Public,17130,45.27992660714009,-0.40821025501220876
Ecole maternelle Montguyon,ECOLE MATERNELLE PUBLIQUE,Public,17270,45.21467331199782,-0.18545977331952934
Ecole maternelle Mirambeau,ECOLE MATERNELLE PUBLIQUE,Public,17150,45.37092936579082,-0.5700105306598966
Ecole maternelle René Descartes,ECOLE MATERNELLE PUBLIQUE,Public,17000,46.16139736129138,-1.1789994185040653
Ecole maternelle Jean Bart La Rochelle,ECOLE MATERNELLE D APPLICATION,Public,17000,46.16674209173936,-1.1740701565450522
Ecole maternelle St Aigulin,ECOLE MATERNELLE PUBLIQUE,Public,17360,45.155674046444645,-0.012459491965635509
Ecole élémentaire Jules Ferry St Martin de Ré,ECOLE ELEMENTAIRE PUBLIQUE,Public,17410,46.20096476160635,-1.368369995618917
Ecole élémentaire St Porchaire,ECOLE ELEMENTAIRE PUBLIQUE,Public,17250,45.81985392931366,-0.7807693682847743
Ecole maternelle St Porchaire,ECOLE MATERNELLE PUBLIQUE,Public,17250,45.81985978400478,-0.7812403893382304
Ecole maternelle La Petite Couture Aytré,ECOLE MATERNELLE PUBLIQUE,Public,17440,46.13087877041732,-1.122469518979615
Ecole maternelle Pauline Kergomard Cozes,ECOLE MATERNELLE PUBLIQUE,Public,17120,45.58213966986817,-0.8307899752648192
Ecole élémentaire St Mard,ECOLE ELEMENTAIRE PUBLIQUE,Public,17700,46.08496231971661,-0.7137004163971032
Ecole primaire Massiou La Rochelle,ECOLE PRIMAIRE,Public,17000,46.16497168284963,-1.149230523070683
Ecole élémentaire Barthélémy Profit La Rochelle,ECOLE ELEMENTAIRE PUBLIQUE,Public,17000,46.153271118999555,-1.1318680843860713
Ecole élémentaire La Clairière Royan,ECOLE ELEMENTAIRE PUBLIQUE,Public,17200,45.620587946242736,-1.0121195499023123
Ecole primaire Paul Bureau Sablonceaux,ECOLE PRIMAIRE PUBLIQUE,Public,17600,45.7189512422682,-0.8879194541459663
Ecole primaire des Chênes St Augustin,ECOLE PRIMAIRE PUBLIQUE,Public,17570,45.67710741205152,-1.1004600907091269
Ecole élémentaire Jean Jaurès St Bonnet sur Gironde,ECOLE ELEMENTAIRE PUBLIQUE,Public,17150,45.35445974374838,-0.659449828780911
Ecole élémentaire Plaisance Tonnay Charente,ECOLE ELEMENTAIRE PUBLIQUE,Public,17430,45.94720862082112,-0.8898099642505058
Ecole primaire Trizay,ECOLE PRIMAIRE PUBLIQUE,Public,17250,45.882990780490836,-0.8960004849474608
Ecole primaire Villedoux,ECOLE PRIMAIRE,Public,17230,46.23985279172849,-1.0668299163082064
Ecole élémentaire Vouhé,ECOLE ELEMENTAIRE PUBLIQUE,Public,17700,46.144469352655065,-0.7997804862984087
Ecole élémentaire La Brée les Bains,ECOLE ELEMENTAIRE PUBLIQUE,Public,17840,46.01353774360534,-1.3458697398078814
Ecole primaire Beauregard La Rochelle,ECOLE PRIMAIRE PUBLIQUE,Public,17000,46.17195227241951,-1.133720316983589
Ecole élémentaire Georges Guérineau Rochefort,ECOLE ELEMENTAIRE PUBLIQUE,Public,17300,45.949418811437454,-0.9659198029183437
Ecole élémentaire St Simon de Bordes,ECOLE ELEMENTAIRE PUBLIQUE,Public,17500,45.39548526624914,-0.45406015699390695
Ecole élémentaire Salignac de Mirambeau,ECOLE ELEMENTAIRE PUBLIQUE,Public,17130,45.34507862885667,-0.4832504871370633
Ecole élémentaire La Seudre Saujon,ECOLE ELEMENTAIRE PUBLIQUE,Public,17600,45.6760967136,-0.927540614249632
Ecole élémentaire Soubran,ECOLE ELEMENTAIRE PUBLIQUE,Public,17150,45.353101040327445,-0.5149994329445657
Ecole maternelle Meux,ECOLE MATERNELLE PUBLIQUE,Public,17500,45.44295318500685,-0.3527695113575513
Ecole élémentaire Mosnac,ECOLE ELEMENTAIRE PUBLIQUE,Public,17240,45.50575617485847,-0.5243496259365118
Ecole élémentaire Nancras,ECOLE ELEMENTAIRE PUBLIQUE,Public,17600,45.745829688335135,-0.8805795369088337
Ecole primaire Nuaillé d'Aunis,ECOLE PRIMAIRE PUBLIQUE,Public,17540,46.2267821163143,-0.928509793176577
Ecole élémentaire Plassac,ECOLE ELEMENTAIRE PUBLIQUE,Public,17240,45.46653733678512,-0.5660801315808364
Ecole primaire René Caillé Pont l'Abbé d'Arnoult,ECOLE PRIMAIRE PUBLIQUE,Public,17250,45.82912101078573,-0.8700002333585544
Ecole primaire,ECOLE PRIMAIRE PUBLIQUE,Public,17880,46.24996896716715,-1.4996702424970814
Ecole élémentaire Guitinières,ECOLE ELEMENTAIRE PUBLIQUE,Public,17500,45.44021132907239,-0.513629395915184
Ecole primaire Samuel de Champlain Marennes Hiers Brouage,ECOLE PRIMAIRE PUBLIQUE,Public,17320,45.865981829555516,-1.0726314939115724
Ecole primaire Jarnac Champagne,ECOLE PRIMAIRE PUBLIQUE,Public,17520,45.55763301527479,-0.40519961978527586
Ecole élémentaire Le Treuil des Filles Lagord,ECOLE ELEMENTAIRE PUBLIQUE,Public,17140,46.18303783337932,-1.157910059626664
Ecole maternelle Loix,ECOLE MATERNELLE PUBLIQUE,Public,17111,46.22396618693408,-1.4380096506084388
Ecole maternelle Médis,ECOLE MATERNELLE PUBLIQUE,Public,17600,45.642687628112014,-0.9661705246315511
Ecole élémentaire Corme Ecluse,ECOLE ELEMENTAIRE PUBLIQUE,Public,17600,45.63003669602425,-0.8557697197542786
Ecole élémentaire Coux,ECOLE ELEMENTAIRE PUBLIQUE,Public,17130,45.31229472966008,-0.40392996918471574
Ecole primaire J.G. Belloteau Epargnes,ECOLE PRIMAIRE PUBLIQUE,Public,17120,45.54123203465822,-0.8053802776382302
Ecole élémentaire Chemin Blanc Esnandes,ECOLE ELEMENTAIRE PUBLIQUE,Public,17137,46.2496632191881,-1.1149994083666148
Ecole élémentaire Etaules,ECOLE ELEMENTAIRE PUBLIQUE,Public,17750,45.73348937263998,-1.1003003953465735
Ecole élémentaire Ferrières,ECOLE ELEMENTAIRE PUBLIQUE,Public,17170,46.226273405256656,-0.8639897797593997
Ecole maternelle Geay,ECOLE MATERNELLE PUBLIQUE,Public,17250,45.87029473837972,-0.765750030478886
Ecole élémentaire Genouillé,ECOLE ELEMENTAIRE PUBLIQUE,Public,17430,46.02234035713333,-0.7834901287350001
Ecole primaire Clérac,ECOLE PRIMAIRE PUBLIQUE,Public,17270,45.18114146814499,-0.22847985109392954
Ecole élémentaire Lucette Bouyer La Clisse,ECOLE ELEMENTAIRE PUBLIQUE,Public,17600,45.73417679363798,-0.7558912824873223
Ecole élémentaire Prévert-Ferry Aytré,ECOLE ELEMENTAIRE PUBLIQUE,Public,17440,46.13488142035117,-1.1166094064892798
Ecole maternelle Bois,ECOLE MATERNELLE PUBLIQUE,Public,17240,45.489412456945466,-0.5992797613680546
Ecole élémentaire Boresse et Martron,ECOLE ELEMENTAIRE PUBLIQUE,Public,17270,45.27217220053479,-0.1138801855200256
Ecole maternelle Saint Pallais Saintes,ECOLE MATERNELLE PUBLIQUE,Public,17100,45.74495698876963,-0.6250195525034251
Ecole maternelle Plaisance Tonnay Charente,ECOLE MATERNELLE PUBLIQUE,Public,17430,45.949767314647545,-0.8890498688048925
Ecole maternelle Pauline Kergomard Andilly,ECOLE MATERNELLE PUBLIQUE,Public,17230,46.25503211719125,-1.0200995716188335
Ecole primaire Poitevin Ecoyeux,ECOLE PRIMAIRE PUBLIQUE,Public,17770,45.82229969930859,-0.5040605410843505
Collège Les Salières,COLLEGE,Public,17410,46.193441772549434,-1.3553498375180597
Collège Pierre Loti,COLLEGE,Public,17304,45.93735608355306,-0.9632402607336481
Ecole primaire privée Saint Joseph,ECOLE PRIMAIRE PRIVEE,Privé,17005,46.16526637328506,-1.150394886425867
Ecole primaire privée Saint Joseph,ECOLE PRIMAIRE PRIVEE,Privé,17300,45.94190817032251,-0.9695194149615727
Ecole primaire privée Saint Louis Saint Pierre,ECOLE PRIMAIRE PRIVEE,Privé,17250,45.82950995681218,-0.8709096546321035
Ecole primaire privée Sainte Marie,ECOLE PRIMAIRE PRIVEE,Privé,17800,45.580397460235616,-0.5451602156151707
Ecole primaire La Couarde,ECOLE PRIMAIRE PUBLIQUE,Public,17670,46.19564464852396,-1.4237404529041058
Collège Georges Texier,COLLEGE,Public,17415,45.95032322064579,-0.527708129773837
Collège Emile Zola,COLLEGE,Public,17200,45.61732023747109,-1.0108099049020165
Ecole maternelle Plateau d'Archiac Tonnay Charente,ECOLE MATERNELLE PUBLIQUE,Public,17430,45.947034945605516,-0.9100903061102461
Ecole élémentaire La Jarne,ECOLE ELEMENTAIRE PUBLIQUE,Public,17220,46.12999004301284,-1.0698298280102776
Ecole primaire Port d'Envaux,ECOLE PRIMAIRE PUBLIQUE,Public,17350,45.83519962130025,-0.6800300535686071
Ecole primaire des enfants du marais St Hippolyte,ECOLE PRIMAIRE PUBLIQUE,Public,17430,45.91767707715882,-0.8903100355574407
Ecole élémentaire La Gallissonnière Rochefort,ECOLE ELEMENTAIRE PUBLIQUE,Public,17300,45.94485277379736,-0.9820902098322812
Collège Eugène Fromentin,COLLEGE,Public,17001,46.16406934771936,-1.1508999260257209
Ecole maternelle du logis Le Gua,ECOLE MATERNELLE PUBLIQUE,Public,17600,45.72594182774638,-0.9434595528457835
Ecole élémentaire Pierre de Ronsard Chaniers,ECOLE PRIMAIRE,Public,17610,45.7184218692549,-0.5573405806379101
Ecole élémentaire Paul Laidet le Bois Plage en Ré,ECOLE ELEMENTAIRE PUBLIQUE,Public,17580,46.182721624861664,-1.3905699071882387
Maison Familiale Rurale de Saint-Denis-du-Pin,MAISON FAMILIALE RURALE,Privé,17400,45.976023785384285,-0.5140295357734636
Maison Familiale Rurale de Chevanceaux - services,MAISON FAMILIALE RURALE,Privé,17210,45.30013829927163,-0.2357595632721883
Ecole primaire Salles sur Mer,ECOLE PRIMAIRE PUBLIQUE,Public,17220,46.10521901985547,-1.0574201087455755
Collège de l'Atlantique,COLLEGE,Public,17440,46.1328565980302,-1.1245935126948376
Ecole élémentaire Henri Matisse Tonnay Boutonne,ECOLE PRIMAIRE,Public,17380,45.96828108475089,-0.7144905391196483
Lycée Polyvalent Hôtelier du Parc de la Francophonie,LYCEE POLYVALENT,Public,17030,46.142826356033375,-1.1631596976867147
Ecole maternelle St Genis de Saintonge,ECOLE MATERNELLE PUBLIQUE,Public,17240,45.48135940299685,-0.5682995984254459
Ecole maternelle St Rogatien,ECOLE MATERNELLE PUBLIQUE,Public,17220,46.15009935080976,-1.0695800723168278
Ecole élémentaire St Sauveur d'Aunis,ECOLE PRIMAIRE,Public,17540,46.21862493251915,-0.8849002389588717
"Ecole supérieure de Beauté, Bien-Etre et Santé Silvya Terrade La Rochelle",ECOLE D'ESTHETIQUE ET DE COIFFURE,Privé,17000,46.15476962776202,-1.1454014075221994
Ecole primaire privée hors contrat Montessori by the sea,ECOLE ELEMENTAIRE PRIVEE HORS CONTRAT,Privé,17000,46.16088420524424,-1.1810093885713637
Ecole élémentaire privée hors contrat Ecole démocratique Respire,ECOLE ELEMENTAIRE PRIVEE HORS CONTRAT,Privé,17220,46.12794469344673,-1.0065504686866344
Ecole élémentaire privée hors contrat Notre Ecole Aternative - NEA,ECOLE ELEMENTAIRE PRIVEE HORS CONTRAT,Privé,17870,45.99310474260349,-0.9308650112302517
Collège privé hors contrat Parle moi,ECOLE SECONDAIRE PRIVEE,Privé,17220,46.16824599256113,-1.0221232881163225
Ecole élémentaire privée hors contrat La Clé des Champs,ECOLE ELEMENTAIRE LA CLE DES CHAMPS,Privé,17380,46.017433580319384,-0.6223791381956203
Ecole d'enseignement technique de l'armée de l'air et de l'espace 722 de Saintes,ECOLE D'ENSEIGNEMENT TECHNIQUE,Public,17136,45.44423810394464,-0.28864026869563486
Collège Arlette Guirado,COLLEGE,Public,17520,45.520087392310856,-0.30360587394045113
Collège Beauregard,COLLEGE,Public,17770,45.777579916244555,-0.4141301101797335
Collège Léopold Dussaigne,COLLEGE,Public,17502,45.438578382053585,-0.4354894199665281
Collège de La Trézence,COLLEGE,Public,17330,46.04491124298089,-0.5061998617387831
Section d'enseignement général et professionnel adapté du Collège Hélène de Fonsèque,SEGPA,Public,17700,46.108158472241364,-0.7433499914202069
Lycée général et technologique Jean Dautet,LYCEE GENERAL ET TECHNOLOGIQUE,Public,17022,46.16449638564665,-1.1538198139000304
Collège Maurice Chastang,COLLEGE,Public,17240,45.48038971965097,-0.5671878574501774
Lycée polyvalent Louis Audouin Dubreuil,LYCEE POLYVALENT,Public,17415,45.95141409405907,-0.525909442089978
"Lycée professionnel Blaise Pascal - Lycée des métiers de la maintenance, de la sécurité et des travaux publics",LP LYCEE DES METIERS,Public,17415,45.949307618405655,-0.5131303182021854
Collège Pierre Mendès France,COLLEGE,Public,17000,46.16921315796229,-1.1787205497543571
Ecole maternelle Les Eglises d'Argenteuil,ECOLE MATERNELLE PUBLIQUE,Public,17400,45.97264541988328,-0.43329953744829325
Ecole élémentaire Fontenet,ECOLE ELEMENTAIRE PUBLIQUE,Public,17400,45.91262738065057,-0.45690938402857634
Ecole primaire Varaize,ECOLE PRIMAIRE PUBLIQUE,Public,17400,45.91937115372357,-0.4208494392281538
Ecole primaire Villars en Pons,ECOLE PRIMAIRE PUBLIQUE,Public,17260,45.60360119144052,-0.6228196562748792
Ecole primaire Yves Bray Brizambourg,ECOLE PRIMAIRE PUBLIQUE,Public,17770,45.822704943543904,-0.4791901886338403
Ecole maternelle Grandjean,ECOLE MATERNELLE PUBLIQUE,Public,17350,45.8765112267612,-0.6069999349302846
Ecole primaire Cravans,ECOLE PRIMAIRE PUBLIQUE,Public,17260,45.597529787426545,-0.7075602821767276
Ecole élémentaire St Simon de Pellouaille,ECOLE ELEMENTAIRE PUBLIQUE,Public,17260,45.61355416403051,-0.6982594722712768
Ecole primaire St Césaire,ECOLE PRIMAIRE PUBLIQUE,Public,17770,45.76501274988237,-0.49647985264725325
Ecole élémentaire Bougneau,ECOLE ELEMENTAIRE PUBLIQUE,Public,17800,45.59642917122441,-0.513909424321938
Ecole primaire Colombiers,ECOLE PRIMAIRE PUBLIQUE,Public,17460,45.64281770390054,-0.5523002747364054
Ecole primaire Nieul les Saintes,ECOLE PRIMAIRE PUBLIQUE,Public,17810,45.7596110423955,-0.7330394180863019
Ecole maternelle St Georges des Coteaux,ECOLE MATERNELLE PUBLIQUE,Public,17810,45.7627148740969,-0.7096905971368148
Ecole primaire Thénac,ECOLE PRIMAIRE PUBLIQUE,Public,17460,45.66925930264917,-0.6537499327554258
Ecole élémentaire Jazennes,ECOLE ELEMENTAIRE PUBLIQUE,Public,17260,45.5785692414035,-0.6225206224735649
Collège Emile Combes,COLLEGE,Public,17800,45.57833890775289,-0.5509201381070716
Ecole maternelle La Genette La Rochelle,ECOLE MATERNELLE PUBLIQUE,Public,17000,46.159255416718814,-1.167920137165835
Ecole maternelle Laleu La Rochelle,ECOLE MATERNELLE PUBLIQUE,Public,17000,46.16730865505032,-1.2005198101251413
Ecole maternelle Marcelin Berthelot La Rochelle,ECOLE MATERNELLE PUBLIQUE,Public,17000,46.163829340584805,-1.1860501156715872
Ecole maternelle Louis Guillet La Rochelle,ECOLE MATERNELLE PUBLIQUE,Public,17000,46.16967607975632,-1.184539389687959
Ecole maternelle Les Grandes Varennes La Rochelle,ECOLE MATERNELLE PUBLIQUE,Public,17000,46.17143971357178,-1.1785697144072533
Ecole maternelle Bernard Palissy La Rochelle,ECOLE MATERNELLE D APPLICATION,Public,17000,46.16983290801805,-1.1631006364884229
Ecole maternelle La Clairière René Coty Royan,ECOLE MATERNELLE PUBLIQUE,Public,17200,45.620797625647256,-1.0116002179168004
Ecole maternelle St Martin de Coux,ECOLE MATERNELLE PUBLIQUE,Public,17360,45.14638529634835,-0.10871983837783009
Ecole primaire St Pierre du Palais,ECOLE PRIMAIRE PUBLIQUE,Public,17270,45.165516436865,-0.15661028417263304
Ecole maternelle Aulnay,ECOLE MATERNELLE PUBLIQUE,Public,17470,46.0236866814597,-0.3492101512174504
Ecole élémentaire St Clément les Baleines,ECOLE ELEMENTAIRE PUBLIQUE,Public,17590,46.22803471526022,-1.5427000489873868
Ecole primaire St Crépin,ECOLE PRIMAIRE,Public,17380,46.004520600360166,-0.7327859220902867
Ecole primaire Ste Gemme,ECOLE PRIMAIRE PUBLIQUE,Public,17250,45.7719570314593,-0.8892504613241765
Ecole primaire Jules Ferry St Germain de Lusignan,ECOLE PRIMAIRE PUBLIQUE,Public,17500,45.44982582142521,-0.46048971054702725
Ecole primaire St Pierre la Noue St Germain de Marencennes,ECOLE PRIMAIRE PUBLIQUE,Public,17700,46.07847122849009,-0.7944671684022685
Ecole primaire St Jean de Liversay,ECOLE PRIMAIRE PUBLIQUE,Public,17170,46.27206776672851,-0.8706300965162199
Ecole primaire Ste Lheurine,ECOLE PRIMAIRE PUBLIQUE,Public,17520,45.53142598316647,-0.3652796446786142
Ecole élémentaire La Genette La Rochelle,ECOLE ELEMENTAIRE PUBLIQUE,Public,17000,46.15935371805719,-1.1679198249843632
Ecole élémentaire Descartes La Rochelle,ECOLE ELEMENTAIRE PUBLIQUE,Public,17000,46.16139736129138,-1.1789994185040653
Ecole élémentaire Simone Veil La Rochelle,ECOLE ELEMENTAIRE PUBLIQUE,Public,17000,46.17457343386408,-1.1474497077231685
Ecole primaire Réaumur La Rochelle,ECOLE PRIMAIRE PUBLIQUE,Public,17000,46.1635624346979,-1.1547496100991277
Ecole élémentaire Pierre Loti La Rochelle,ECOLE ELEMENTAIRE PUBLIQUE,Public,17000,46.162833385193956,-1.1761201602931477
Ecole élémentaire Josué Valin La Rochelle,ECOLE ELEMENTAIRE PUBLIQUE,Public,17000,46.15752612940727,-1.1483906114333056
Ecole primaire St Christophe,ECOLE PRIMAIRE PUBLIQUE,Public,17220,46.14587969171754,-0.9469903486595664
Ecole élémentaire Joseph Deplanne Le Thou,ECOLE PRIMAIRE,Public,17290,46.08437575357817,-0.9205702270033176
Ecole élémentaire Le Marouillet Yves,ECOLE ELEMENTAIRE PUBLIQUE,Public,17340,46.04156941814344,-1.0456201826414273
Ecole primaire Descartes Port des Barques,ECOLE PRIMAIRE PUBLIQUE,Public,17730,45.94782333524341,-1.082649832282693
Ecole maternelle Le Grand Village,ECOLE MATERNELLE PUBLIQUE,Public,17370,45.862467210278744,-1.2401400556657607
Ecole élémentaire Saint-Exupéry Rochefort,ECOLE ELEMENTAIRE PUBLIQUE,Public,17300,45.95151083635477,-0.9752105658614038
Ecole primaire Libération Rochefort,ECOLE PRIMAIRE PUBLIQUE,Public,17300,45.951742616358715,-0.9430105529260013
Ecole élémentaire Edouard Herriot Rochefort,ECOLE ELEMENTAIRE PUBLIQUE,Public,17300,45.93423002602356,-0.9652494060878571
Ecole élémentaire Le Petit Prince Montlieu la Garde,ECOLE ELEMENTAIRE PUBLIQUE,Public,17210,45.245807191126296,-0.25472064636774533
Ecole primaire Moragne,ECOLE PRIMAIRE PUBLIQUE,Public,17430,45.97238044305267,-0.8039002136802275
Ecole élémentaire Alain Devaud Nieul sur Mer,ECOLE ELEMENTAIRE PUBLIQUE,Public,17137,46.20648640044766,-1.1783406267814618
Ecole primaire Nieulle sur Seudre,ECOLE PRIMAIRE PUBLIQUE,Public,17600,45.75301936801595,-1.0024806308936767
Ecole primaire Germignac,ECOLE PRIMAIRE PUBLIQUE,Public,17520,45.571912330221934,-0.3367695978754704
Ecole élémentaire Octave Chesse La Grève sur le Mignon,ECOLE ELEMENTAIRE PUBLIQUE,Public,17170,46.24903924215305,-0.7645401127314767
Ecole primaire du Bois Hardy Marsais,ECOLE PRIMAIRE PUBLIQUE,Public,17700,46.12715395549713,-0.6349816548237245
Ecole élémentaire Courçon,ECOLE ELEMENTAIRE PUBLIQUE,Public,17170,46.24158271161722,-0.8053904965511166
Ecole élémentaire Marcelle Nadaud Cozes,ECOLE ELEMENTAIRE PUBLIQUE,Public,17120,45.581538966323926,-0.8301899592441804
Ecole primaire Croix Chapeau,ECOLE PRIMAIRE PUBLIQUE,Public,17220,46.110109747353086,-1.0075298518181373
Ecole élémentaire Paul Eluard Dompierre sur Mer,ECOLE ELEMENTAIRE PUBLIQUE,Public,17139,46.1869990376315,-1.0556604038642121
Ecole primaire Forges,ECOLE PRIMAIRE PUBLIQUE,Public,17290,46.10501330462342,-0.8967900531719072
Ecole élémentaire Bussac Forêt,ECOLE ELEMENTAIRE PUBLIQUE,Public,17210,45.21338192271174,-0.3690300421914807
Ecole primaire Chaillevette,ECOLE PRIMAIRE PUBLIQUE,Public,17890,45.73178242118629,-1.0699404498092187
Ecole élémentaire Aigrefeuille d'Aunis,ECOLE ELEMENTAIRE PUBLIQUE,Public,17290,46.11715368081659,-0.9388096849816562
Ecole élémentaire Joséphine Baker Andilly,ECOLE ELEMENTAIRE PUBLIQUE,Public,17230,46.25369593057213,-1.0256294610826793
Ecole primaire Chepniers,ECOLE PRIMAIRE PUBLIQUE,Public,17210,45.256922621794544,-0.3107300251887617
Ecole élémentaire Chevanceaux,ECOLE ELEMENTAIRE PUBLIQUE,Public,17210,45.30247039875321,-0.2326501870429584
Ecole élémentaire Bouhet,ECOLE ELEMENTAIRE PUBLIQUE,Public,17540,46.160605107451666,-0.8607900910349308
Ecole maternelle Léo Lagrange Saintes,ECOLE MATERNELLE PUBLIQUE,Public,17100,45.73816030352402,-0.6203601648197461
Ecole maternelle Les Jacobins Saintes,ECOLE MATERNELLE PUBLIQUE,Public,17100,45.74553436766624,-0.6333194518169862
Ecole maternelle Léon Gambetta Saujon,ECOLE MATERNELLE PUBLIQUE,Public,17600,45.67135580581389,-0.9271101012282059
Ecole primaire Les Petits Carrelets Meschers sur Gironde,ECOLE PRIMAIRE,Public,17132,45.559708790403526,-0.9517602938496978
Ecole primaire privée Jeanne d'Arc,ECOLE PRIMAIRE PRIVEE,Privé,17700,46.10477175666797,-0.7529740282262929
Ecole primaire privée Sainte Sophie,ECOLE PRIMAIRE PRIVEE,Privé,17400,45.94630810021113,-0.5250293579839268
Ecole primaire privée Sainte Marie Saint Jean-Baptiste,ECOLE PRIMAIRE PRIVEE,Privé,17200,45.62894724066488,-0.9959599663109052
Ecole primaire privée Fénelon Notre Dame 2,ECOLE PRIMAIRE PRIVEE,Privé,17140,46.19010138852525,-1.1591095845998338
Ecole primaire privée Notre-Dame La Providence,ECOLE PRIMAIRE PRIVEE,Privé,17160,45.867034907615505,-0.3181158620896732
Ecole primaire privée Notre-Dame de Nazareth,ECOLE PRIMAIRE PRIVEE,Privé,17120,45.581074125182994,-0.836389670107852
Ecole maternelle Aigrefeuille,ECOLE MATERNELLE PUBLIQUE,Public,17290,46.117350343643395,-0.937559734277189
Ecole maternelle Condorcet La Rochelle,ECOLE MATERNELLE PUBLIQUE,Public,17000,46.15318529926202,-1.1197405126895508
Ecole élémentaire Roger Pérat Saintes,ECOLE ELEMENTAIRE PUBLIQUE,Public,17100,45.73146461683218,-0.6416699133232916
Ecole primaire l'Yeuse Royan,ECOLE PRIMAIRE,Public,17200,45.626003056308605,-1.0073705776050013
Ecole primaire Brunet Ars en Ré,ECOLE PRIMAIRE PUBLIQUE,Public,17590,46.20872480730294,-1.514630349430929
Ecole élémentaire Condorcet La Rochelle,ECOLE ELEMENTAIRE PUBLIQUE,Public,17000,46.153031922327926,-1.1197925641941817
Ecole primaire Thairé,ECOLE PRIMAIRE PUBLIQUE,Public,17290,46.076527672086804,-0.9988004200643091
Ecole primaire Tesson,ECOLE PRIMAIRE PUBLIQUE,Public,17460,45.63082684259529,-0.6528400138711703
Ecole maternelle Chevanceaux,ECOLE MATERNELLE PUBLIQUE,Public,17210,45.30410094928212,-0.23264011554939573
Ecole maternelle Cormier Saintes,ECOLE MATERNELLE PUBLIQUE,Public,17100,45.74898401376827,-0.6129100440278527
Ecole élémentaire Médis,ECOLE ELEMENTAIRE PUBLIQUE,Public,17600,45.6424853511968,-0.9662305802848636
Ecole primaire Lucien Robin St Palais sur Mer,ECOLE PRIMAIRE PUBLIQUE,Public,17420,45.64903712272865,-1.0815302206893942
Ecole primaire Les Grandes Rivières Ste Soulle,ECOLE PRIMAIRE PUBLIQUE,Public,17220,46.181451714343325,-1.0436799932652958
Ecole primaire Breuil Magné,ECOLE PRIMAIRE PUBLIQUE,Public,17870,45.98229546481061,-0.9575597083073958
Collège Pertuis d'Antioche,COLLEGE,Public,17310,45.94492197985421,-1.3102599667986674
Ecole maternelle Paul Laidet Le Bois Plage en Ré,ECOLE MATERNELLE PUBLIQUE,Public,17580,46.1823669335259,-1.3905297989770316
Ecole maternelle Jacques Prévert Dompierre sur Mer,ECOLE MATERNELLE PUBLIQUE,Public,17139,46.1884565855794,-1.0606705245565964
Ecole élémentaire Jean Jaurès Saintes,ECOLE ELEMENTAIRE PUBLIQUE,Public,17100,45.73768640020697,-0.646520048235597
Ecole primaire Vaux sur Mer,ECOLE PRIMAIRE,Public,17640,45.637862685003725,-1.062799632156793
Ecole primaireTugeras St Maurice,ECOLE PRIMAIRE PUBLIQUE,Public,17130,45.35969590342013,-0.4090802725034484
Lycée professionnel Rompsay,LYCEE PROFESSIONNEL,Public,17012,46.16162196382434,-1.1280503430065405
Ecole maternelle St Agnant,ECOLE MATERNELLE PUBLIQUE,Public,17620,45.87128280905749,-0.9626797917442149
Maison Familiale Rurale de Chevanceaux - forêts,MAISON FAMILIALE RURALE,Privé,17210,45.30299437601635,-0.23326036632412067
Ecole primaire Moëze,ECOLE PRIMAIRE PUBLIQUE,Public,17780,45.903721817995084,-1.0373096348931596
Section d'enseignement professionnel du Lycée Hôtelier,SECTION ENSEIGNT PROFESSIONNEL,Public,17022,46.1429664076972,-1.15961061037479
Ecole maternelle Fontcouverte,ECOLE MATERNELLE PUBLIQUE,Public,17100,45.771121271165825,-0.5846704374255757
Lycée technologique de La Mer et du Littoral,LYCEE TECHNOLOGIQUE,Public,17560,45.84674464949382,-1.1570495790048279
"Lycée polyvalent Marcel Dassault - Lycée des métiers de la plasturgie, de la productique et de l'outillage",LPO LYCEE DES METIERS,Public,17300,45.94751268627171,-0.9589993914788526
Section d'enseignement professionnel du Lycée privé Fénelon Notre Dame,SECTION ENSEIGT PROFES PRIVEE,Privé,17005,46.1652442222621,-1.15031015056318
Ecole élémentaire privée hors contrat l'île aux enfants,ECOLE ELEMENTAIRE PRIVEE HORS CONTRAT,Privé,17100,45.73226485969878,-0.679744983675027
Ecole technique privée Adoranature,ECOLE 2D DEGRE PROF.PRIVEE,Privé,17100,45.746824254737724,-0.6255399305164165
Ecole élémentaire privée hors contrat L'Ecole des Explorateurs,ECOLE ELEMENTAIRE PRIVEE HORS CONTRAT,Privé,17600,45.7687360571854,-0.9778195403496254
Ecole élémentaire le Vivier Périgny,ECOLE ELEMENTAIRE PUBLIQUE,Public,17180,46.15471515620017,-1.0847918039149487
Lycée général privé hors contrat La Passerelle,ECOLE 2D DEGRE GENERAL PRIVEE,Privé,17810,45.73035078299738,-0.7190141580817512
Collège Jules Ferry,COLLEGE,Public,17260,45.571426030913464,-0.6690602314405871
Lycée professionnel Pierre Doriole - Lycée des métiers des services à la personne et aux entreprises,LP LYCEE DES METIERS,Public,17012,46.161757218814316,-1.1240805196560164
Ecole primaire Néré,ECOLE PRIMAIRE PUBLIQUE,Public,17510,45.97783962827523,-0.23866020027098953
Collège,COLLEGE,Public,17360,45.164410187508324,-0.022409797428251665
Lycée général et technologique Bernard Palissy,LYCEE GENERAL ET TECHNOLOGIQUE,Public,17107,45.73503489068187,-0.6145802387898329
Collège Edgar Quinet,COLLEGE,Public,17107,45.736004222229255,-0.6516998885869859
Ecole primaire St Georges de Longuepierre,ECOLE PRIMAIRE PUBLIQUE,Public,17470,46.04029810235622,-0.3943895343885855
Ecole primaire St Pierre de Juillers,ECOLE PRIMAIRE PUBLIQUE,Public,17400,45.94150489168548,-0.38735021151509913
Collège Frédéric et Irène Joliot-Curie,COLLEGE,Public,17430,45.94577986347289,-0.8912702144629647
Collège La Fontaine,COLLEGE,Public,17210,45.243616464605076,-0.24840192968619432
Lycée professionnel Bernard Palissy,LYCEE PROFESSIONNEL,Public,17107,45.73513477620007,-0.6152600133541817
Section enseignement professionnel du Lycée Emile Combes,SECTION ENSEIGNT PROFESSIONNEL,Public,17800,45.57804624630015,-0.5503404630861748
Ecole maternelle La Taillée Saujon,ECOLE MATERNELLE PUBLIQUE,Public,17600,45.675856202507276,-0.9276894461164903
Section d'enseignement général et professionnel adapté du Collège Albert Camus,SEGPA,Public,17001,46.14500827638482,-1.1408104661973943
Ecole élémentaire Poursay Garnaud,ECOLE ELEMENTAIRE PUBLIQUE,Public,17400,45.952895478515394,-0.46085987589760735
Ecole primaire St Julien de l'Escap,ECOLE PRIMAIRE PUBLIQUE,Public,17400,45.93145733757149,-0.4882099608813191
Ecole élémentaire J. Lartigue St Hilaire de Villefranche,ECOLE ELEMENTAIRE PUBLIQUE,Public,17770,45.85268437430769,-0.5282299071795731
Ecole élémentaire Aumagne,ECOLE ELEMENTAIRE PUBLIQUE,Public,17770,45.880195404816895,-0.4090695012984537
Ecole primaire Emile Combes Gémozac,ECOLE PRIMAIRE PUBLIQUE,Public,17260,45.56958992050081,-0.673800444127219
Ecole élémentaire Rétaud,ECOLE ELEMENTAIRE PUBLIQUE,Public,17460,45.67950716582982,-0.7270503119738665
Ecole élémentaire Avy,ECOLE ELEMENTAIRE PUBLIQUE,Public,17800,45.551495696493866,-0.5143804445540232
Ecole primaire Docteur Ménudier Chermignac,ECOLE PRIMAIRE PUBLIQUE,Public,17460,45.68382444258477,-0.6702805119075872
Ecole élémentaire Courcoury,ECOLE ELEMENTAIRE PUBLIQUE,Public,17100,45.7097680642741,-0.5769904211773752
Ecole primaire Poitevin Les Gonds,ECOLE PRIMAIRE PUBLIQUE,Public,17100,45.71477986551877,-0.6174403988137008
Ecole élémentaire St Georges des Coteaux,ECOLE ELEMENTAIRE PUBLIQUE,Public,17810,45.763513236873045,-0.7106599935423712
Ecole primaire Varzay,ECOLE PRIMAIRE PUBLIQUE,Public,17460,45.70486192090313,-0.7355004097166761
Ecole élémentaire Léo Lagrange Saintes,ECOLE ELEMENTAIRE PUBLIQUE,Public,17100,45.738626686985114,-0.6203495287342339
Ecole élémentaire Jules Ferry Saintes,ECOLE ELEMENTAIRE PUBLIQUE,Public,17100,45.74276534725065,-0.6390403571643603
Collège privé Sainte Marie Saint Jean Baptiste,COLLEGE PRIVE,Privé,17200,45.62855727340563,-0.9967594126204472
Collège Samuel Dumenieu,COLLEGE,Public,17130,45.28653568193336,-0.398469517463379
Ecole maternelle Les Tilleuls Marennes,ECOLE MATERNELLE PUBLIQUE,Public,17320,45.82470415964497,-1.1047855953804548
Ecole maternelle Agrippa d'Aubigné Pons,ECOLE MATERNELLE PUBLIQUE,Public,17800,45.58036398172396,-0.5510165359726179
Ecole maternelle Arcère La Rochelle,ECOLE MATERNELLE PUBLIQUE,Public,17000,46.16401847020795,-1.1509596636959678
Ecole maternelle Bongraine La Rochelle,ECOLE MATERNELLE PUBLIQUE,Public,17000,46.14167658458486,-1.1429302208387764
Ecole maternelle Pierre Loti La Rochelle,ECOLE MATERNELLE PUBLIQUE,Public,17000,46.162496453291425,-1.1756701277615753
Ecole maternelle Louis Gaucher Ste marie de Ré,ECOLE MATERNELLE PUBLIQUE,Public,17740,46.156276377071336,-1.3222205550253772
Ecole primaire du bois marais St Ouen d'Aunis,ECOLE PRIMAIRE PUBLIQUE,Public,17230,46.22768442983301,-1.0348794969424544
Ecole élémentaire Pierre Loti St Pierre d'Oléron,ECOLE ELEMENTAIRE PUBLIQUE,Public,17310,45.945032939337764,-1.3054299267232807
Ecole maternelle Marie Curie Angoulins,ECOLE MATERNELLE PUBLIQUE,Public,17690,46.10651422194914,-1.1102499580641518
Ecole maternelle Françoise Dolto Le Château d'Oléron,ECOLE MATERNELLE PUBLIQUE,Public,17480,45.885281983603676,-1.19783035058973
Ecole maternelle Pierre Jonchery Chatelaillon Plage,ECOLE MATERNELLE PUBLIQUE,Public,17340,46.069622329815104,-1.0896897664016587
Ecole élémentaire Henri Pouzol St Fort sur Gironde,ECOLE ELEMENTAIRE PUBLIQUE,Public,17240,45.459870277708674,-0.7209945590915887
Ecole élémentaire St Germain du Seudre,ECOLE ELEMENTAIRE PUBLIQUE,Public,17240,45.51297446756951,-0.6671599292393245
Ecole élémentaire de l'Or Blanc St Jean d'Angle,ECOLE ELEMENTAIRE PUBLIQUE,Public,17620,45.81707512455674,-0.9479443835988107
Ecole primaire St Laurent de la Prée,ECOLE PRIMAIRE PUBLIQUE,Public,17450,45.992908148714434,-1.0240599881016046
Ecole élémentaire Marie Marvingt La Rochelle,ECOLE ELEMENTAIRE PUBLIQUE,Public,17000,46.16808885536741,-1.2003200224856516
Ecole élémentaire Louis Guillet La Rochelle,ECOLE ELEMENTAIRE PUBLIQUE,Public,17000,46.16989229916604,-1.1847895252239098
Ecole primaire Romegoux,ECOLE PRIMAIRE PUBLIQUE,Public,17250,45.87010107921383,-0.8072395350692928
Ecole élémentaire Jean Papeau Royan,ECOLE ELEMENTAIRE PUBLIQUE,Public,17200,45.6448976573669,-1.0326798258093028
Ecole élémentaire St Agnant,ECOLE ELEMENTAIRE PUBLIQUE,Public,17620,45.870480211440864,-0.9618102357004087
Ecole élémentaire St Ciers Champagne,ECOLE ELEMENTAIRE PUBLIQUE,Public,17520,45.44257427600896,-0.29889014642421224
Ecole élémentaire Jules Ferry Surgères,ECOLE ELEMENTAIRE PUBLIQUE,Public,17700,46.10759198037485,-0.7485203648666797
Ecole élémentaire Jean Jaurès Surgères,ECOLE ELEMENTAIRE PUBLIQUE,Public,17700,46.10985591366928,-0.7548097034472765
Ecole primaire Taugon,ECOLE PRIMAIRE PUBLIQUE,Public,17170,46.30823334863091,-0.8310075179436595
Ecole élémentaire Le Thou,ECOLE ELEMENTAIRE PUBLIQUE,Public,17290,46.0848538211582,-0.9199902056120635
Ecole primaire André Fort Vergeroux,ECOLE PRIMAIRE PUBLIQUE,Public,17300,45.96090690242246,-0.9857899113648276
Ecole primaire Desmoulins Vérines,ECOLE PRIMAIRE PUBLIQUE,Public,17540,46.19285576788002,-0.9650799939836808
Ecole maternelle Virson,ECOLE MATERNELLE PUBLIQUE,Public,17290,46.14180866296507,-0.8992099090540107
Ecole élémentaire Marcelin Berthelot La Rochelle,ECOLE ELEMENTAIRE PUBLIQUE,Public,17000,46.163829340584805,-1.1860501156715872
Ecole élémentaire d'application Palissy La Rochelle,ECOLE ELEMENTAIRE D'APPLICATIO,Public,17000,46.17039576212335,-1.1628500583361248
Ecole élémentaire Anatole France Rochefort,ECOLE ELEMENTAIRE PUBLIQUE,Public,17300,45.94090460288523,-0.975270398551687
Ecole élémentaire Sousmoulins,ECOLE ELEMENTAIRE PUBLIQUE,Public,17130,45.314206120572464,-0.3270205539367487
Ecole élémentaire Mirambeau,ECOLE ELEMENTAIRE PUBLIQUE,Public,17150,45.37053618293794,-0.570779429373056
Ecole primaire Montroy,ECOLE PRIMAIRE PUBLIQUE,Public,17220,46.15623746213406,-1.013009912141534
Ecole élémentaire Neuvicq,ECOLE ELEMENTAIRE PUBLIQUE,Public,17270,45.2454172005789,-0.1815396959413737
Ecole élémentaire Ozillac,ECOLE ELEMENTAIRE PUBLIQUE,Public,17500,45.3923189130064,-0.3949295451538231
Ecole maternelle Plassay,ECOLE MATERNELLE PUBLIQUE,Public,17250,45.820068850170806,-0.7237405913728758
Ecole élémentaire le renard l'Houmeau,ECOLE ELEMENTAIRE PUBLIQUE,Public,17137,46.19443663756018,-1.1862203023386861
Ecole élémentaire Jules Verne La Jarrie,ECOLE ELEMENTAIRE PUBLIQUE,Public,17220,46.12952628644839,-1.0061900552307763
Ecole élémentaire André Malraux Jonzac,ECOLE ELEMENTAIRE PUBLIQUE,Public,17500,45.44058815569948,-0.43622954069150255
Ecole élémentaire Lonzac,ECOLE ELEMENTAIRE PUBLIQUE,Public,17520,45.595436336871586,-0.3917098579403362
Ecole primaire Lussant,ECOLE PRIMAIRE PUBLIQUE,Public,17430,45.959691923607686,-0.8220705648358039
Ecole élémentaire Henri Aubin Marennes,ECOLE ELEMENTAIRE PUBLIQUE,Public,17320,45.82572315934805,-1.1102088309799483
Ecole élémentaire Marsilly,ECOLE ELEMENTAIRE PUBLIQUE,Public,17137,46.22939949091409,-1.1350199031431132
Ecole élémentaire La Clotte,ECOLE ELEMENTAIRE PUBLIQUE,Public,17360,45.11718539795823,-0.14858041583902373
Ecole élémentaire Crazannes,ECOLE ELEMENTAIRE PUBLIQUE,Public,17350,45.848019911254504,-0.7041100607455208
Ecole primaire François Villon Dompierre sur Mer,ECOLE PRIMAIRE PUBLIQUE,Public,17139,46.17439665680113,-1.0955494615492456
Ecole élémentaire Les Essards,ECOLE ELEMENTAIRE PUBLIQUE,Public,17250,45.79302563158759,-0.7598094389387601
Ecole primaire Le Fouilloux,ECOLE PRIMAIRE PUBLIQUE,Public,17270,45.189799146468616,-0.1258799281234035
Ecole primaire Simone Veil Breuillet,ECOLE PRIMAIRE PUBLIQUE,Public,17920,45.690730667839055,-1.0539703996414325
Ecole primaire Cercoux,ECOLE PRIMAIRE PUBLIQUE,Public,17270,45.12858073884063,-0.20531972901044063
Ecole primaire île d'Aix,ECOLE PRIMAIRE PUBLIQUE,Public,17123,46.01240733378251,-1.1734700362962223
Ecole élémentaire Chambon,ECOLE ELEMENTAIRE PUBLIQUE,Public,17290,46.10894844952027,-0.8423000166779184
Ecole maternelle Chamouillac,ECOLE MATERNELLE PUBLIQUE,Public,17130,45.31304863371918,-0.4676396737161472
Ecole élémentaire d'Argencourt Le Château d'Oléron,ECOLE ELEMENTAIRE PUBLIQUE,Public,17480,45.884744063143714,-1.1974304018388777
Ecole élémentaire Pierre Jonchery Chatelaillon Plage,ECOLE ELEMENTAIRE PUBLIQUE,Public,17340,46.06894822078858,-1.0890799198229042
Ecole primaire Anatole-Eugène Hillairet Le Chay,ECOLE PRIMAIRE PUBLIQUE,Public,17600,45.640366607934446,-0.8968968800756915
Ecole primaire Magistel Beurlay,ECOLE PRIMAIRE PUBLIQUE,Public,17250,45.862439781033004,-0.837949627532228
Ecole maternelle Jean Combes St Jean d'Angély,ECOLE MATERNELLE PUBLIQUE,Public,17400,45.9473677273445,-0.5204402746939443
Ecole primaire Burie,ECOLE PRIMAIRE PUBLIQUE,Public,17770,45.77608436310217,-0.4163703479826884
Ecole élémentaire St Savinien,ECOLE ELEMENTAIRE PUBLIQUE,Public,17350,45.87247031887627,-0.6786095006146307
Section d'enseignement général et professionnel adapté du Collège Emile Combes,SEGPA,Public,17800,45.57781174463967,-0.5508298806679608
Ecole primaire privée Jeanne d'Arc,ECOLE PRIMAIRE PRIVEE,Privé,17310,45.943600941309676,-1.30301041715718
Ecole primaire privée Notre-Dame,ECOLE PRIMAIRE PRIVEE,Privé,17005,46.16526637328506,-1.150394886425867
Ecole maternelle Arvert,ECOLE MATERNELLE PUBLIQUE,Public,17530,45.739382485802615,-1.1243000175410847
Ecole maternelle Roger Pérat Saintes,ECOLE MATERNELLE PUBLIQUE,Public,17100,45.73107434472918,-0.6423096725912363
Ecole élémentaire Haimps,ECOLE ELEMENTAIRE PUBLIQUE,Public,17160,45.86801435388738,-0.26407939932992436
Ecole élémentaire Brie sous Archiac,ECOLE ELEMENTAIRE PUBLIQUE,Public,17520,45.47229107957907,-0.2928496266504111
Section d'enseignement général et professionnel adapté du Collège Georges Texier,SEGPA,Public,17415,45.95032322064579,-0.527708129773837
Section d'enseignement général et professionnel adapté du Collège Henri Dunant,SEGPA,Public,17205,45.63990232988259,-1.0490965864834931
Collège André Dulin,COLLEGE,Public,17290,46.1183663721005,-0.9371205320549509
Ecole primaire Les Cèdres St Georges du Bois,ECOLE PRIMAIRE,Public,17700,46.13827182283199,-0.7349605530039651
Ecole primaire Cabariot,ECOLE PRIMAIRE PUBLIQUE,Public,17430,45.925153433607555,-0.8575665038340434
Ecole élémentaire Pasteur Chaniers,ECOLE ELEMENTAIRE PUBLIQUE,Public,17610,45.7459683852849,-0.5610043249700487
Ecole maternelle Les Sables Chatelaillon Plage,ECOLE MATERNELLE PUBLIQUE,Public,17340,46.080951808195906,-1.0912995247512383
Collège de la Tour,COLLEGE,Public,17270,45.21618109273536,-0.1837800071115774
Ecole maternelle Lavoisier La Rochelle,ECOLE MATERNELLE PUBLIQUE,Public,17000,46.15438767893571,-1.1268296379276186
Ecole maternelle Dolus d'Oléron,ECOLE MATERNELLE PUBLIQUE,Public,17550,45.91266271224699,-1.2588004654437766
Ecole élémentaire Le Gua,ECOLE ELEMENTAIRE PUBLIQUE,Public,17600,45.727025057715316,-0.9467693591175944
Ecole élémentaire Louis Gaucher Ste Marie de Ré,ECOLE ELEMENTAIRE PUBLIQUE,Public,17740,46.156169121139236,-1.3224794304504315
Collège de L'Ouche des Carmes,COLLEGE,Public,17470,46.02338282302833,-0.351499815862386
Section d'enseignement général et professionnel adapté du Collège Edgar Quinet,SEGPA,Public,17107,45.73655945170684,-0.6524806588565427
Ecole maternelle La Ruche Jonzac,ECOLE MATERNELLE PUBLIQUE,Public,17500,45.44772572602096,-0.43460952067283914
Ecole maternelle St Xandre,ECOLE MATERNELLE PUBLIQUE,Public,17138,46.20227164586509,-1.10259949857065
Ecole maternelle Champagne,ECOLE MATERNELLE PUBLIQUE,Public,17620,45.83045470742088,-0.9112895363133027
Maison Familiale Rurale de Cravans,MAISON FAMILIALE RURALE,Privé,17260,45.60127368476103,-0.7108904757942606
Ecole primaire St Denis d'Oléron,ECOLE PRIMAIRE PUBLIQUE,Public,17650,46.03350474607183,-1.377790538373978
Ecole maternelle Charles Perrault Surgères,ECOLE MATERNELLE PUBLIQUE,Public,17700,46.103751184750514,-0.749459447583445
Ecole maternelle la rose l'Houmeau,ECOLE MATERNELLE PUBLIQUE,Public,17137,46.19516146749539,-1.184120130517381
Maison Familiale Rurale de Pont-l'Abbé,MAISON FAMILIALE RURALE,Privé,17250,45.828973392021915,-0.8755895577540483
Collège privé La Salle Saint Louis,COLLEGE PRIVE,Privé,17250,45.82978246495338,-0.8704296763424069
Section d'enseignement professionnel du Lycée Jean Hyppolite,SECTION ENSEIGNT PROFESSIONNEL,Public,17502,45.441544358244826,-0.4324374334047962
Section d'enseignement général et professionnel adapté du Collège Samuel Dumenieu,SEGPA,Public,17130,45.28667272730906,-0.3983195606660706
Maison Familiale Rurale de la Saintonge et de l'Aunis - Saint-Genis-de-Saintonge,MAISON FAMILIALE RURALE,Privé,17240,45.483115028483176,-0.5674296309771879
Ecole maternelle les trois prés Ste Soulle,ECOLE MATERNELLE PUBLIQUE,Public,17220,46.18828382442341,-1.0122204123339333
Collège Privé Ecole démocratique Respire,ECOLE SECONDAIRE PRIVEE,Privé,17220,46.12794469344673,-1.0065504686866344
Collège Notre école alternative de Loire les Marais,COLLEGE,Privé,17870,45.99310474260349,-0.9308650112302517
Cours Saint-Joseph,ECOLE ELEMENTAIRE PRIVEE,Privé,17100,45.71657180965921,-0.6804452557745041
Ecole maternelle Vallet Montendre,ECOLE MATERNELLE PUBLIQUE,Public,17130,45.29758045518425,-0.36049019792705994
Ecole primaire privée Sainte Eustelle,ECOLE PRIMAIRE PRIVEE,Privé,17500,45.38823334008125,-0.3983485175178505
Lycée professionnel agricole de Saint-Germain,LYCEE PROFESSIONNEL AGRICOLE,Public,17500,45.44974094840323,-0.46002726834543944
Lycée d'enseignement général et technologique Cordouan - Lycée des métiers du tourisme,LGT LYCEE DES METIERS,Public,17201,45.620498689740415,-1.004709413065221
Collège Aliénor d'Aquitaine,COLLEGE,Public,17480,45.88492371687665,-1.193370248566259
Collège Didier Daurat,COLLEGE,Public,17150,45.369948287877094,-0.5712378565831918
Collège Fontbruant,COLLEGE,Public,17250,45.82101876588867,-0.7738993666725889
Collège Robert Cellerier,COLLEGE,Public,17350,45.87637770214706,-0.6752733695212816
Collège Agrippa d'Aubigné,COLLEGE,Public,17100,45.74898401376827,-0.6129100440278527
Collège Missy,COLLEGE,Public,17028,46.161247848130444,-1.172669427394137
Collège René Caillié,COLLEGE,Public,17107,45.749267034344804,-0.633549502603866
Ecole primaire Asnières la Giraud,ECOLE PRIMAIRE PUBLIQUE,Public,17400,45.89089926785884,-0.5218603887755869
Ecole élémentaire La Vergne,ECOLE ELEMENTAIRE PUBLIQUE,Public,17400,45.96296419959001,-0.5626105366261432
Ecole primaire Sonnac,ECOLE PRIMAIRE PUBLIQUE,Public,17160,45.84019923420192,-0.2716595627672285
Ecole primaire Villeneuve la Comtesse,ECOLE PRIMAIRE PUBLIQUE,Public,17330,46.09980699863914,-0.5012100456515334
Ecole primaire François Rabelais Taillebourg,ECOLE PRIMAIRE PUBLIQUE,Public,17350,45.83450206419289,-0.6464404784279897
Ecole primaire Les Nouillers,ECOLE PRIMAIRE PUBLIQUE,Public,17380,45.93217833113034,-0.6640598019981593
Ecole primaire Ballans,ECOLE PRIMAIRE PUBLIQUE,Public,17160,45.81304235510634,-0.21948012729427213
Ecole maternelle Courcerac,ECOLE MATERNELLE PUBLIQUE,Public,17160,45.84235000224669,-0.36252016677731747
Ecole maternelle Neuvicq le Château,ECOLE MATERNELLE PUBLIQUE,Public,17490,45.80250917736978,-0.16742980561366685
Ecole maternelle Montpellier de Médillan,ECOLE MATERNELLE PUBLIQUE,Public,17260,45.634750921170145,-0.746239480001958
Ecole primaire Gustave Courbet Bussac sur Charente,ECOLE PRIMAIRE PUBLIQUE,Public,17100,45.78917002668026,-0.6362997329095234
Ecole élémentaire La Chapelle des Pots,ECOLE ELEMENTAIRE PUBLIQUE,Public,17100,45.758951363009,-0.5401101695663886
Ecole élémentaire Le Douhet,ECOLE ELEMENTAIRE PUBLIQUE,Public,17100,45.81899975974616,-0.5694101300563915
Ecole élémentaire Fontcouverte,ECOLE ELEMENTAIRE PUBLIQUE,Public,17100,45.77071824113093,-0.5911606497029379
Ecole primaire Ecurat,ECOLE PRIMAIRE PUBLIQUE,Public,17810,45.78235831260162,-0.6754100477590839
Ecole élémentaire Lemercier Saintes,ECOLE ELEMENTAIRE PUBLIQUE,Public,17100,45.74630816433088,-0.6191598131741728
Collège Jean Hay,COLLEGE,Public,17320,45.82753206063742,-1.1059466556838236
Ecole maternelle Les Lucioles Marans,ECOLE MATERNELLE PUBLIQUE,Public,17230,46.30839098788127,-0.9960396573652142
Ecole maternelle Puilboreau,ECOLE MATERNELLE PUBLIQUE,Public,17138,46.18580734330651,-1.1174805669303867
Ecole maternelle Anatole France Rochefort,ECOLE MATERNELLE PUBLIQUE,Public,17300,45.93994570859882,-0.9757193740440123
Ecole maternelle Edouard Herriot Rochefort,ECOLE MATERNELLE PUBLIQUE,Public,17300,45.933218896898666,-0.9655693953431962
Ecole maternelle Paul Doumer La Rochelle,ECOLE MATERNELLE PUBLIQUE,Public,17000,46.163267976186404,-1.1401497558827525
Ecole maternelle Claude Nicolas La Rochelle,ECOLE MATERNELLE PUBLIQUE,Public,17000,46.16225036095129,-1.2117005065080542
Ecole maternelle Rey La Rochelle,ECOLE MATERNELLE PUBLIQUE,Public,17000,46.15797203821814,-1.1478105807465324
Ecole maternelle Raymond Bouchet la Rochelle,ECOLE MATERNELLE PUBLIQUE,Public,17000,46.147683967707444,-1.1452004390390345
Ecole maternelle Louis Bouchet Royan,ECOLE MATERNELLE PUBLIQUE,Public,17200,45.62437772886474,-1.0342895953535256
Ecole maternelle Jean Papeau Royan,ECOLE MATERNELLE PUBLIQUE,Public,17200,45.64427118310784,-1.033630422555512
Ecole maternelle Régnault St Jean d'Angély,ECOLE MATERNELLE PUBLIQUE,Public,17400,45.942788155277604,-0.5239305412311296
Ecole primaire du Nouveau Monde St Médard d'Aunis,ECOLE PRIMAIRE PUBLIQUE,Public,17220,46.15768867777612,-0.9703499613264328
Ecole primaire Jean Jaurès St Pierre d'Oléron,ECOLE PRIMAIRE PUBLIQUE,Public,17310,45.91978829803962,-1.3297602127702004
Ecole élémentaire St Rogatien,ECOLE ELEMENTAIRE PUBLIQUE,Public,17220,46.15041003017265,-1.0703205776029616
Ecole primaire St Romain de Benet,ECOLE PRIMAIRE PUBLIQUE,Public,17600,45.69030979414761,-0.8480900348238712
Ecole maternelle la Flotte,ECOLE MATERNELLE PUBLIQUE,Public,17630,46.18990437647793,-1.3281796610479586
Ecole primaire Saint Dizant du Gua,ECOLE PRIMAIRE PUBLIQUE,Public,17240,45.432315289562695,-0.7057605626661589
Ecole élémentaire St Genis de Saintonge,ECOLE ELEMENTAIRE PUBLIQUE,Public,17240,45.479046474327966,-0.5689504533484366
Ecole élémentaire St Georges Antignac,ECOLE ELEMENTAIRE PUBLIQUE,Public,17240,45.49362139942423,-0.5035899922459536
Ecole maternelle St Georges des Agouts,ECOLE MATERNELLE PUBLIQUE,Public,17150,45.37539438584407,-0.6462393993627923
Ecole élémentaire d'application Jean Bart La Rochelle,ECOLE ELEMENTAIRE D'APPLICATION,Public,17000,46.16674209173936,-1.1740701565450522
Ecole élémentaire Claude Nicolas La Rochelle,ECOLE ELEMENTAIRE PUBLIQUE,Public,17000,46.16220225941652,-1.2120004895358394
Ecole élémentaire Rouffignac,ECOLE ELEMENTAIRE PUBLIQUE,Public,17130,45.334153424654325,-0.4504495023093917
Ecole élémentaire Louis Bouchet Royan,ECOLE ELEMENTAIRE PUBLIQUE,Public,17200,45.624494867286984,-1.0338393775573584
Ecole primaire St Ciers du Taillon,ECOLE PRIMAIRE PUBLIQUE,Public,17240,45.42158349462782,-0.6386498750840158
Ecole primaire La Sablière La Tremblade,ECOLE PRIMAIRE,Public,17390,45.77202577237886,-1.1450204958871826
Ecole élémentaire La Vallée,ECOLE ELEMENTAIRE PUBLIQUE,Public,17250,45.89136136215923,-0.840030148687358
Ecole primaire La Devise,ECOLE PRIMAIRE PUBLIQUE,Public,17700,46.055211928307024,-0.7667879599137503
Ecole élémentaire Vanzac,ECOLE ELEMENTAIRE PUBLIQUE,Public,17500,45.35839347988334,-0.3046495972287656
Ecole élémentaire Paul Doumer La Rochelle,ECOLE ELEMENTAIRE PUBLIQUE,Public,17000,46.163267976186404,-1.1401497558827525
Ecole maternelle Puyravault,ECOLE MATERNELLE PUBLIQUE,Public,17700,46.13737106642131,-0.8148197995418053
Ecole primaire Réaux sur Trèfle,ECOLE PRIMAIRE PUBLIQUE,Public,17500,45.47764115382167,-0.37424002948238294
Ecole primaire Rivedoux,ECOLE PRIMAIRE PUBLIQUE,Public,17940,46.15943119502238,-1.2733598813410891
Ecole élémentaire Samuel de Champlain Rochefort,ECOLE ELEMENTAIRE PUBLIQUE,Public,17300,45.94079880163935,-0.9697095126362224
Ecole primaire Simone Veil Ste Soulle,ECOLE PRIMAIRE PUBLIQUE,Public,17220,46.2017197887452,-1.0309296235982068
Ecole élémentaire St Sulpice d'Arnoult,ECOLE ELEMENTAIRE PUBLIQUE,Public,17250,45.80442199583197,-0.8478994478626356
Ecole primaire Denis Ricard St Sulpice de Royan,ECOLE PRIMAIRE PUBLIQUE,Public,17200,45.673399328669724,-1.0097603101240675
Ecole élémentaire St Thomas de Conac,ECOLE ELEMENTAIRE PUBLIQUE,Public,17150,45.388735837562606,-0.6876794075295188
Ecole primaire St Vivien,ECOLE PRIMAIRE PUBLIQUE,Public,17220,46.08063428510847,-1.0535002579360517
Ecole élémentaire Montguyon,ECOLE ELEMENTAIRE PUBLIQUE,Public,17270,45.21437124775962,-0.1863502934698335
Ecole primaire Mornac sur Seudre,ECOLE PRIMAIRE PUBLIQUE,Public,17113,45.708666437567956,-1.0293595069880916
Ecole élémentaire Neuillac,ECOLE ELEMENTAIRE PUBLIQUE,Public,17520,45.514126921305376,-0.39793985369806795
Ecole élémentaire Gabriel Chobelet Nieul sur Mer,ECOLE ELEMENTAIRE PUBLIQUE,Public,17137,46.20889931738892,-1.1616605439914143
Ecole primaire de Rompsay Périgny,ECOLE PRIMAIRE PUBLIQUE,Public,17180,46.168605179200824,-1.1126101848279693
Ecole primaire La Gripperie St Symphorien,ECOLE PRIMAIRE PUBLIQUE,Public,17620,45.8012429666043,-0.9514394650392815
Ecole primaire Le Gué d'Alleré,ECOLE PRIMAIRE PUBLIQUE,Public,17540,46.18661645008823,-0.8619996001503077
Ecole primaire La Laigne,ECOLE PRIMAIRE PUBLIQUE,Public,17170,46.214074679471416,-0.7591099534370733
Ecole primaire Les Mathes,ECOLE PRIMAIRE PUBLIQUE,Public,17570,45.71832340372627,-1.1479798490318605
Ecole maternelle Esnandes,ECOLE MATERNELLE PUBLIQUE,Public,17137,46.248453609330355,-1.1131668237680645
Ecole primaire Fontaines d'Ozillac,ECOLE PRIMAIRE PUBLIQUE,Public,17500,45.38503723395108,-0.3797994708052192
Ecole primaire Breuil la Réorte,ECOLE PRIMAIRE PUBLIQUE,Public,17700,46.05147120249011,-0.6899101671448579
Ecole maternelle Celles,ECOLE MATERNELLE PUBLIQUE,Public,17520,45.60514510096642,-0.3735606323827075
Ecole maternelle Allas Champagne,ECOLE MATERNELLE PUBLIQUE,Public,17500,45.47190987330513,-0.33449002813261897
Ecole primaire Chardes Montendre,ECOLE PRIMAIRE PUBLIQUE,Public,17130,45.283716697847645,-0.4097098882354153
Ecole élémentaire Charron,ECOLE ELEMENTAIRE PUBLIQUE,Public,17230,46.295614187313745,-1.105629554337913
Ecole primaire du marais Ciré d'Aunis,ECOLE PRIMAIRE PUBLIQUE,Public,17290,46.05586672368179,-0.933460510515436
Ecole maternelle Clam,ECOLE MATERNELLE PUBLIQUE,Public,17500,45.4903541555395,-0.4504196491172211
Ecole élémentaire Pierre Perret Clavette,ECOLE ELEMENTAIRE PUBLIQUE,Public,17220,46.139345129768415,-1.027490433581534
Ecole primaire Ardillières,ECOLE PRIMAIRE PUBLIQUE,Public,17290,46.056453121815785,-0.8952099043171385
Ecole primaire Arthenac,ECOLE PRIMAIRE PUBLIQUE,Public,17520,45.514610669511015,-0.31490948808536495
Ecole élémentaire La Petite Couture Aytré,ECOLE ELEMENTAIRE PUBLIQUE,Public,17440,46.13087877041732,-1.122469518979615
Ecole maternelle Josiane Baudet-Simmoneau Balanzac,ECOLE MATERNELLE PUBLIQUE,Public,17600,45.74176187691701,-0.836660580512071
Ecole élémentaire Bédenac,ECOLE ELEMENTAIRE PUBLIQUE,Public,17210,45.16603678327853,-0.299300504141384
Ecole primaire Boisredon,ECOLE PRIMAIRE PUBLIQUE,Public,17150,45.31519649923399,-0.5374894875341198
Ecole élémentaire Herriot Bourcefranc le Chapus,ECOLE ELEMENTAIRE PUBLIQUE,Public,17560,45.84729902416626,-1.146389506967497
Ecole maternelle Saint-Eutrope Saintes,ECOLE MATERNELLE PUBLIQUE,Public,17100,45.74341589316143,-0.6423701412395888
Collège Jean Guiton,COLLEGE,Public,17140,46.17214259080316,-1.1703902452632853
Collège Edouard Grimaux,COLLEGE,Public,17301,45.953369925708934,-0.9706693474619171
Section d'enseignement professionnel du Lycée professionnel Louis Audouin Dubreuil,SECTION ENSEIGNT PROFESSIONNEL,Public,17415,45.95141393327365,-0.5259146008130858
Ecole primaire privée Jeanne d'Arc,ECOLE PRIMAIRE PRIVEE,Privé,17600,45.672778459284956,-0.9283004028536207
Ecole primaire privée Marie-Eustelle,ECOLE PRIMAIRE PRIVEE,Privé,17100,45.745393086142435,-0.6231194737218876
Ecole primaire privée Sainte Marie de La Providence,ECOLE PRIMAIRE PRIVEE,Privé,17300,45.937256237162394,-0.9600166321895905
Ecole primaire privée Marie-Eustelle,ECOLE PRIMAIRE PRIVEE,Privé,17230,46.305727620320944,-0.9890200196776814
Ecole maternelle Semussac,ECOLE MATERNELLE PUBLIQUE,Public,17120,45.60000322789236,-0.9118400193169495
Ecole élémentaire Semussac,ECOLE ELEMENTAIRE PUBLIQUE,Public,17120,45.600229372631375,-0.9123106572477506
Ecole élémentaire Henri Seguin St Trojan les Bains,ECOLE ELEMENTAIRE PUBLIQUE,Public,17370,45.84035660794102,-1.210209786485728
Ecole élémentaire Paul Michaud Chatelaillon,ECOLE ELEMENTAIRE PUBLIQUE,Public,17340,46.082040128773286,-1.0857997358420661
Section d'enseignement général et professionnel adapté du Collège La Fayette,SEGPA,Public,17300,45.93008275850951,-0.9626197598846858
Ecole primaire Eric Tabarly St Just Luzac,ECOLE PRIMAIRE PUBLIQUE,Public,17320,45.802949653598446,-1.0405502531189172
Ecole primaire St Saturnin du Bois,ECOLE PRIMAIRE PUBLIQUE,Public,17700,46.1360046522943,-0.6721894545066681
Ecole maternelle La Gallissonnière Rochefort,ECOLE MATERNELLE PUBLIQUE,Public,17300,45.944724969858775,-0.9822373500983226
Ecole primaire Nieul le Virouil,ECOLE PRIMAIRE PUBLIQUE,Public,17150,45.408965935527334,-0.5307197254386491
Ecole élémentaire La Flotte,ECOLE ELEMENTAIRE PUBLIQUE,Public,17630,46.18948826781225,-1.3289700507107285
Collège Marc Chagall,COLLEGE,Public,17139,46.18809773260958,-1.0584498804874922
Collège André Malraux,COLLEGE,Public,17340,46.0792809644892,-1.0874498501793584
Section d'enseignement général et professionnel adapté du Collège Beauregard,SEGPA,Public,17028,46.17169770094814,-1.1334804687538187
Ecole maternelle Les Marronniers La Jarrie,ECOLE MATERNELLE PUBLIQUE,Public,17220,46.12653666794825,-1.0087104682390868
Ecole maternelle Périgny,ECOLE MATERNELLE PUBLIQUE,Public,17180,46.15635429705343,-1.0994294105966613
Maison Familiale Rurale de Saint-Germain,MAISON FAMILIALE RURALE,Privé,17700,46.07683745413823,-0.7959813061541089
Ecole maternelle Barthélémy Profit La Rochelle,ECOLE MATERNELLE PUBLIQUE,Public,17000,46.15439279700698,-1.131299966741578
Ecole maternelle Arc en Ciel Bussac Forêt,ECOLE MATERNELLE PUBLIQUE,Public,17210,45.21255342315471,-0.36862044070463423
Lycée général et technologique Saint-Exupéry,LYCEE GENERAL ET TECHNOLOGIQUE,Public,17028,46.15695241418322,-1.1816503041638526
Lycée professionnel maritime et aquacole,LYCEE PROFESSIONNEL,Public,17001,46.159013296763234,-1.1797299384809892
Lycée expérimental,ETABLISSEMENT EXPERIMENTAL,Public,17370,45.81658782110432,-1.2156395873573833
"Lycée professionnel de l'Atlantique - Lycée des métiers du bâtiment, de l'hôtellerie et des services",LP LYCEE DES METIERS,Public,17205,45.63467790001499,-1.019190594618579
Collège privé alternatif hors contrat La Passerelle,COLLEGE PRIVE ALTERNATIF,Privé,17810,45.73035091018503,-0.7190103049386473
Collège privé hors contrat Le Village,ECOLE SECONDAIRE PRIVEE,Privé,17110,45.61948331722687,-0.9664598913335418
L'Ecole Buissonnière,ECOLE MATERNELLE PRIVEE,Privé,17740,46.15888728377065,-1.3532065039125551
Ecole maternelle Ballon,ECOLE MATERNELLE PUBLIQUE,Public,17290,46.05973569449527,-0.9512878324180354
Ecole élémentaire de Pouillac,ECOLE ELEMENTAIRE PUBLIQUE,Public,17210,45.26921784398843,-0.25115013489045207
Ecole élémentaire privée hors contrat L'Envol,ECOLE ELEMENTAIRE PRIVEE HORS CONTRAT,Privé,17700,46.141222858415816,-0.6710578326528177
Collège privé hors contrat La Clé des Champs,COLLEGE PRIVE HORS CONTRAT,Privé,17380,43.1937191257739,5.591449640843978
Ecole Les ailes vertes,ECOLE ELEMENTAIRE PRIVEE LES AILES VERTES,Privé,17500,,
Section d'enseignement professionnel du LPO Léonce Vieljeux,SECTION ENSEIGNT PROFESSIONNEL,Public,17001,46.1775939773852,-1.1510104830182661
Collège Les Vieilles Vignes,COLLEGE,Public,17120,45.57840479188769,-0.8419793810505161
Collège Françoise Dolto,COLLEGE,Public,17220,46.13066346689099,-1.0043706304002418
Lycée polyvalent Emile Combes - Lycée des métiers de l'éco-construction et des services de l'environnement,LPO LYCEE DES METIERS,Public,17800,45.57870587963632,-0.5514301339465127
Lycée général et technologique Maurice Merleau-Ponty,LYCEE GENERAL ET TECHNOLOGIQUE,Public,17304,45.951150381572916,-0.9704303568465967
Lycée général et technologique René Josué Valin,LYCEE GENERAL ET TECHNOLOGIQUE,Public,17000,46.156063027127914,-1.13777998241965
Collège Beauregard,COLLEGE,Public,17028,46.17177428360659,-1.135339691302842
Lycée général et technologique Bellevue,LYCEE GENERAL ET TECHNOLOGIQUE,Public,17107,45.73700107131033,-0.6434894944373473
Collège Hélène de Fonsèque,COLLEGE,Public,17700,46.10899579921577,-0.7485695907294311
Lycée d'enseignement général et technologique agricole de Saintes-Georges-Desclaude,LEGT AGRICOLE,Public,17119,45.76048862916779,-0.6494705460984982
Collège privé Fénelon Notre-Dame,COLLEGE PRIVE,Privé,17005,46.1652442222621,-1.15031015056318
Collège privé Jeanne d'Arc,COLLEGE PRIVE,Privé,17100,45.74593508271696,-0.6358204443052957
Collège privé Notre-Dame de Nazareth,COLLEGE PRIVE,Privé,17120,45.58126542742407,-0.8361204663131805
Collège privé Sainte Marie de La Providence,COLLEGE PRIVE,Privé,17300,45.937256237162394,-0.9600166321895905
Collège privé Sainte Sophie,COLLEGE PRIVE,Privé,17400,45.94593087153771,-0.5246098112303262
Collège privé Jeanne d'Arc,COLLEGE PRIVE,Privé,17700,46.10477188501643,-0.7529701488957367
Collège Albert Camus,COLLEGE,Public,17001,46.14500827638482,-1.1408104661973943
Ecole élémentaire Léon Gambetta St Jean d'Angély,ECOLE ELEMENTAIRE PUBLIQUE,Public,17400,45.946188645484355,-0.5254494044658884
Ecole élémentaire Joseph Lair St Jean d'Angély,ECOLE ELEMENTAIRE PUBLIQUE,Public,17400,45.942174907114115,-0.5166998203834595
Ecole primaire Thors,ECOLE PRIMAIRE PUBLIQUE,Public,17160,45.83007585676496,-0.3112696217658787
Ecole élémentaire Tonnay Boutonne,ECOLE ELEMENTAIRE PUBLIQUE,Public,17380,45.96828108475089,-0.7144905391196483
Ecole primaire Bernay St Martin,ECOLE PRIMAIRE PUBLIQUE,Public,17330,46.063427644913624,-0.6236511827894876
Ecole élémentaire Aujac,ECOLE ELEMENTAIRE PUBLIQUE,Public,17770,45.84555360790722,-0.393750136184069
Ecole élémentaire Macqueville,ECOLE ELEMENTAIRE PUBLIQUE,Public,17490,45.79865222583212,-0.21394954976743744
Ecole élémentaire Mons,ECOLE ELEMENTAIRE PUBLIQUE,Public,17160,45.82026271188008,-0.3463202673938789
Ecole primaire Biron,ECOLE PRIMAIRE PUBLIQUE,Public,17800,45.56989207740409,-0.47950036195564394
Ecole élémentaire Echebrune,ECOLE ELEMENTAIRE PUBLIQUE,Public,17800,45.59311497764259,-0.46846047002736385
Ecole maternelle Fléac sur Seugne,ECOLE MATERNELLE PUBLIQUE,Public,17800,45.5331276089117,-0.5407200515625739
Ecole primaire Montils,ECOLE PRIMAIRE PUBLIQUE,Public,17800,45.6488421684806,-0.5024897482410924
Ecole primaire Pérignac,ECOLE PRIMAIRE PUBLIQUE,Public,17800,45.625271757371934,-0.4634493612416112
Ecole primaire Suzanne Chartier St Vaize,ECOLE PRIMAIRE PUBLIQUE,Public,17100,45.81960680502056,-0.6386100538529071
Ecole primaire Vénérand,ECOLE PRIMAIRE PUBLIQUE,Public,17100,45.793336629119935,-0.555279735423486
Ecole élémentaire La Jard,ECOLE ELEMENTAIRE PUBLIQUE,Public,17460,45.65441611862881,-0.5871003507383252
Ecole élémentaire Paul Bert Saintes,ECOLE ELEMENTAIRE PUBLIQUE,Public,17100,45.74402162846512,-0.6325401732683226
Ecole élémentaire Rioux,ECOLE ELEMENTAIRE PUBLIQUE,Public,17460,45.6307857133947,-0.7158999208694599
Ecole élémentaire lidonnaise St André de Lidon,ECOLE ELEMENTAIRE PUBLIQUE,Public,17260,45.599364221930216,-0.7478194353637062
Ecole maternelle Louise Miche Fouras,ECOLE MATERNELLE PUBLIQUE,Public,17450,45.9902728630728,-1.084590559512254
Ecole maternelle Le Parc Jonzac,ECOLE MATERNELLE PUBLIQUE,Public,17500,45.43974130211536,-0.4371578668295363
Ecole maternelle Matha,ECOLE MATERNELLE PUBLIQUE,Public,17160,45.8693849783947,-0.3120205571710847
Ecole maternelle Samuel de Champlain Rochefort,ECOLE MATERNELLE PUBLIQUE,Public,17300,45.940972824045446,-0.9695295021740475
Ecole maternelle Georges Guérineau Rochefort,ECOLE MATERNELLE PUBLIQUE,Public,17300,45.94978499507059,-0.9658906110689922
Ecole maternelle Saint-Exupéry Rochefort,ECOLE MATERNELLE PUBLIQUE,Public,17300,45.952067903249045,-0.9770100631664752
Ecole maternelle Emile Zola Rochefort,ECOLE MATERNELLE PUBLIQUE,Public,17300,45.93924848549901,-0.9643496238615784
Ecole maternelle Marie Pape-Carpantier La Rochelle,ECOLE MATERNELLE PUBLIQUE,Public,17000,46.17465014706183,-1.147299751784066
Ecole maternelle Boisseuil St Mard,ECOLE MATERNELLE PUBLIQUE,Public,17700,46.098242635349884,-0.6723481828487005
Ecole élémentaire St Martial sur Né,ECOLE ELEMENTAIRE PUBLIQUE,Public,17520,45.583552778097165,-0.36510941187462964
Ecole primaire St Nazaire sur Charente,ECOLE PRIMAIRE PUBLIQUE,Public,17780,45.9356023380735,-1.0510200345252523
Ecole primaire St Palais de Négrignac,ECOLE PRIMAIRE PUBLIQUE,Public,17210,45.267842172725494,-0.2183796955823559
Ecole élémentaire St Sauveur d'Aunis,ECOLE ELEMENTAIRE PUBLIQUE,Public,17540,46.218717263621826,-0.8851795438743899
Ecole maternelle Les Cèdres Aytré,ECOLE MATERNELLE PUBLIQUE,Public,17440,46.131040731366646,-1.1153497329091109
Ecole maternelle Jean Jaurès Bourcefranc le Chapus,ECOLE MATERNELLE PUBLIQUE,Public,17560,45.84769128008375,-1.1446706258985802
Ecole maternelle Etaules,ECOLE MATERNELLE PUBLIQUE,Public,17750,45.733388444809655,-1.101289517595202
Ecole élémentaire St Froult,ECOLE ELEMENTAIRE PUBLIQUE,Public,17780,45.9200984092873,-1.0586994292615017
Ecole élémentaire Jean Zay St Georges de Didonne,ECOLE PRIMAIRE,Public,17110,45.604205075203105,-0.9934103327273464
Ecole maternelle St Hilaire de Villefranche,ECOLE MATERNELLE PUBLIQUE,Public,17770,45.85237874697535,-0.528347084931191
Ecole élémentaire Les Grandes Varennes La Rochelle,ECOLE ELEMENTAIRE PUBLIQUE,Public,17000,46.17053620480175,-1.1799895698948386
Ecole élémentaire Raymond Bouchet La Rochelle,ECOLE ELEMENTAIRE PUBLIQUE,Public,17000,46.14826322431064,-1.1444995313733548
Ecole élémentaire Jean Ferrat St Aigulin,ECOLE ELEMENTAIRE PUBLIQUE,Public,17360,45.15989140330109,-0.017580211949760227
Ecole maternelle Vibrac,ECOLE MATERNELLE PUBLIQUE,Public,17130,45.35546613640481,-0.34057052886964306
Ecole élémentaire Bongraine La Rochelle,ECOLE ELEMENTAIRE PUBLIQUE,Public,17000,46.14185438555141,-1.1427776078281804
Ecole élémentaire Jack Proust Puilboreau,ECOLE ELEMENTAIRE PUBLIQUE,Public,17138,46.1847066839689,-1.1176704872715257
Ecole élémentaire Emile Zola Rochefort,ECOLE ELEMENTAIRE PUBLIQUE,Public,17300,45.93949008681309,-0.964170592059441
Ecole élémentaire Giraudet Ste Soulle,ECOLE ELEMENTAIRE PUBLIQUE,Public,17220,46.1877787101776,-1.0122003032593263
Ecole élémentaire Pommaux St Xandre,ECOLE ELEMENTAIRE PUBLIQUE,Public,17138,46.20793010261965,-1.114960291123588
Ecole primaire Soubise,ECOLE PRIMAIRE PUBLIQUE,Public,17780,45.92518490831974,-1.0095505404475045
Ecole primaire Soulignonne,ECOLE PRIMAIRE PUBLIQUE,Public,17250,45.77759814416287,-0.7869897531560546
Ecole élémentaire Jacques Baumont Montendre,ECOLE ELEMENTAIRE PUBLIQUE,Public,17130,45.284655100467475,-0.4080195013049954
Ecole primaire publique Grains de Sable Montlieu la Garde,ECOLE PRIMAIRE PUBLIQUE,Public,17210,45.24197377057893,-0.26666006679372006
Ecole primaire Muron,ECOLE PRIMAIRE PUBLIQUE,Public,17430,46.031943377442325,-0.8273699652446338
Ecole primaire Orignolles,ECOLE PRIMAIRE PUBLIQUE,Public,17210,45.231001673785755,-0.23564030150953186
Ecole élémentaire St Pierre La Noue Péré,ECOLE ELEMENTAIRE PUBLIQUE,Public,17700,46.16567485041431,-0.6850063251220712
Ecole élémentaire des Coureilles Périgny,ECOLE ELEMENTAIRE PUBLIQUE,Public,17180,46.155418707128085,-1.097820601936925
Ecole élémentaire Georges Couturier  Pisany,ECOLE ELEMENTAIRE PUBLIQUE,Public,17600,45.70025239338581,-0.7802405838855208
Ecole primaire Grézac,ECOLE PRIMAIRE PUBLIQUE,Public,17120,45.60343583992273,-0.8409595530432421
Ecole élémentaire Léoville,ECOLE ELEMENTAIRE PUBLIQUE,Public,17500,45.376754264495915,-0.3371995132390341
Ecole élémentaire Longèves,ECOLE ELEMENTAIRE PUBLIQUE,Public,17230,46.228751506452724,-0.9929894491601527
Ecole maternelle Luchat,ECOLE MATERNELLE PUBLIQUE,Public,17600,45.71731566470924,-0.764540569626986
Ecole élémentaire Jules Ferry Marans,ECOLE ELEMENTAIRE PUBLIQUE,Public,17230,46.308306713930186,-0.9933793522683689
Ecole maternelle Luc Turlan Corme Royal,ECOLE MATERNELLE PUBLIQUE,Public,17600,45.74460611554279,-0.8149693627106313
Ecole élémentaire Courpignac,ECOLE ELEMENTAIRE PUBLIQUE,Public,17130,45.324213210382425,-0.4885095779162179
Ecole maternelle Cramchaban,ECOLE MATERNELLE PUBLIQUE,Public,17170,46.22021322758667,-0.7232206535952315
Ecole élémentaire Pablo Picasso Dompierre sur Mer,ECOLE ELEMENTAIRE  PUBLIQUE,Public,17139,46.1886132520478,-1.059920052160508
Ecole primaire l'Eguille,ECOLE PRIMAIRE PUBLIQUE,Public,17600,45.70565220284314,-0.9803294242511021
Ecole élémentaire Jean Michenot Fouras,ECOLE ELEMENTAIRE PUBLIQUE,Public,17450,45.98846862211216,-1.0949694034643593
Ecole primaire Champagnac,ECOLE PRIMAIRE PUBLIQUE,Public,17500,45.4241000888251,-0.38339760434669734
Ecole élémentaire Champagnolles,ECOLE ELEMENTAIRE PUBLIQUE,Public,17240,45.513070331205306,-0.6335599813190831
Ecole maternelle Clion,ECOLE MATERNELLE PUBLIQUE,Public,17240,45.47784647837146,-0.5026200393202697
Ecole élémentaire Hameau de Sérigny Andilly,ECOLE ELEMENTAIRE PUBLIQUE,Public,17230,46.263182990340205,-1.0046096649587848
Ecole primaire La Farandole Angliers,ECOLE PRIMAIRE PUBLIQUE,Public,17540,46.20889220445006,-0.9527802077487917
Ecole élémentaire Jean Moulin Angoulins,ECOLE ELEMENTAIRE PUBLIQUE,Public,17690,46.10610774449711,-1.1100704304089708
Ecole élémentaire Arces,ECOLE ELEMENTAIRE PUBLIQUE,Public,17120,45.555457026130924,-0.8612202845345405
Ecole primaire Archiac,ECOLE PRIMAIRE PUBLIQUE,Public,17520,45.52008188123533,-0.3036093919320243
Ecole élémentaire Arvert,ECOLE ELEMENTAIRE PUBLIQUE,Public,17530,45.740310330630564,-1.1239803785388365
Ecole primaire Eco-Ecole Franco-Allemande La Courbe Aytré,ECOLE PRIMAIRE PUBLIQUE,Public,17440,46.14135144744666,-1.1372095754943465
Ecole élémentaire Jean Bouchet Beaugeay,ECOLE ELEMENTAIRE PUBLIQUE,Public,17620,45.87230406509717,-1.0010499790014897
Ecole primaire Benon,ECOLE PRIMAIRE PUBLIQUE,Public,17170,46.202980940049706,-0.8164696285657992
Ecole primaire Bourgneuf,ECOLE PRIMAIRE PUBLIQUE,Public,17220,46.166617574393385,-1.0247705323918703
Ecole maternelle St Martin de Ré,ECOLE MATERNELLE PUBLIQUE,Public,17410,46.200769421149005,-1.3676803260437327
Ecole maternelle Jules Ferry St Pierre d'Oléron,ECOLE MATERNELLE PUBLIQUE,Public,17310,45.94350125670008,-1.3087305926509236
Ecole maternelle La Bertamière St Savinien,ECOLE MATERNELLE PUBLIQUE,Public,17350,45.873100763247955,-0.678239896813528
Ecole maternelle Emiles Combes Saintes,ECOLE MATERNELLE PUBLIQUE,Public,17100,45.74810721477268,-0.637339832185
Ecole maternelle Jean Jaurès Saintes,ECOLE MATERNELLE PUBLIQUE,Public,17100,45.736405047040584,-0.6466993856913985
Ecole maternelle Pierre de Ronsard Surgères,ECOLE MATERNELLE PUBLIQUE,Public,17700,46.109823347525364,-0.7510797338812901
Collège Maurice Calmel,COLLEGE,Public,17230,46.30695408757596,-0.9887296037003483
Ecole maternelle Le Treuil des Filles Lagord,ECOLE MATERNELLE PUBLIQUE,Public,17140,46.18368796526132,-1.1573193626291518
Ecole primaire privée Notre-Dame de La Sagesse,ECOLE PRIMAIRE PRIVEE,Privé,17390,45.770907412410246,-1.1406096678614004
Ecole primaire privée Sainte Anne,ECOLE PRIMAIRE PRIVEE,Privé,17430,45.94539743674321,-0.8933704619568651
Ecole primaire privée Jeanne d'Arc,ECOLE PRIMAIRE PRIVEE,Privé,17100,45.746154937411,-0.6357396356811444
Ecole primaire privée Sainte Catherine,ECOLE PRIMAIRE PRIVEE,Privé,17630,46.18615841706375,-1.3241000812364208
Ecole primaire privée Saint-Sacrement,ECOLE PRIMAIRE PRIVEE,Privé,17290,46.11839888003961,-0.9333500407460752
Collège Fabre d'Eglantine,COLLEGE,Public,17028,46.15199517898842,-1.1165800235315764
Collège Henri Dunant,COLLEGE,Public,17205,45.63893767032643,-1.050119861364797
Ecole élémentaire Mazeray,ECOLE ELEMENTAIRE PUBLIQUE,Public,17400,45.90786515434611,-0.5610484794137233
Ecole élémentaire Lavoisier La Rochelle,ECOLE ELEMENTAIRE PUBLIQUE,Public,17000,46.15443533610545,-1.1253696285596708
Ecole primaire St Maigrin,ECOLE PRIMAIRE PUBLIQUE,Public,17520,45.418093345434635,-0.28143955378308644
Collège Marc Jeanjean,COLLEGE,Public,17160,45.86853876290083,-0.3134005099507943
Ecole primaire Authon Ebéon,ECOLE PRIMAIRE PUBLIQUE,Public,17770,45.835857292771685,-0.40968961689542116
Ecole primaire La Ronde,ECOLE PRIMAIRE PUBLIQUE,Public,17170,46.29916527277165,-0.8025999556039093
Ecole primaire intercommunale de Saint Sever-Rouffiac,ECOLE PRIMAIRE PUBLIQUE,Public,17800,45.69663848210709,-0.518729987705538
Ecole élémentaire Corme Royal,ECOLE ELEMENTAIRE PUBLIQUE,Public,17600,45.74474068773006,-0.8137103271567516
Ecole élémentaire Maurice Renard Dolus d'Oléron,ECOLE ELEMENTAIRE PUBLIQUE,Public,17550,45.91054948202735,-1.260339739970874
Ecole élémentaire du Trait d'Union St Georges d'Oléron,ECOLE ELEMENTAIRE PUBLIQUE,Public,17190,45.976682936043005,-1.3397004569685351
Ecole maternelle Françoise Dolto Nieul sur Mer,ECOLE MATERNELLE PUBLIQUE,Public,17137,46.20637644205856,-1.1715902387796338
Ecole maternelle Trait d'Union St Georges d'Oléron,ECOLE MATERNELLE PUBLIQUE,Public,17190,45.97751945550043,-1.3399695492174855
Ecole primaire Mortagne sur Gironde,ECOLE PRIMAIRE PUBLIQUE,Public,17120,45.481105423000955,-0.7870306314829134
Lycée agricole privé de Bois,LYCEE AGRICOLE PRIVE,Privé,17240,45.46397740643436,-0.5999329359811533
Maison Familiale Rurale de Matha,MAISON FAMILIALE RURALE,Privé,17160,45.86708692949577,-0.32238675791677834
Ecole maternelle Charron,ECOLE MATERNELLE PUBLIQUE,Public,17230,46.29595140137343,-1.1048301321834704
Ecole maternelle Courçon,ECOLE MATERNELLE PUBLIQUE,Public,17170,46.24239360912116,-0.8076401380926834
Ecole maternelle Marsilly,ECOLE MATERNELLE PUBLIQUE,Public,17137,46.22904150750499,-1.135069524571296
Ecole primaire Echillais,ECOLE PRIMAIRE PUBLIQUE,Public,17620,45.89703217894121,-0.9535997821731845
Base aérienne école Rochefort / BA 721,BASE AERIENNE ECOLE,Public,17300,45.9366920028716,-0.9617102390158564
Section d'enseignement professionnel du lycée Marcel Dassault,SECTION ENSEIGNT PROFESSIONNEL,Public,17300,45.94731904156512,-0.9583495541185802
Ecole maternelle La Jarne,ECOLE MATERNELLE PUBLIQUE,Public,17220,46.12980783614972,-1.0695802758032649
Lycée professionnel agricole de Surgeres - Ecole Nationale Supérieure de Meunerie et des Industries Céréalières,LYCEE PROFESSIONNEL AGRICOLE,Public,17700,46.10791900061006,-0.7704794486312093
ECOLE MATILE,ECOLE TECHNIQUE PRIVEE,Privé,17000,46.170750001586455,-1.174349431985565
Ecole primaire privée hors contrat Montessori Le Village,ECOLE PRIMAIRE PRIVEE HORS CONTRAT,Privé,17110,45.61959341360575,-0.9663804087962058
Lycée privé Ecole démocratique Respire,ECOLE 2D DEGRE GENERAL PRIVEE,Privé,17220,46.12794469344673,-1.0065504686866344
Ecole élémentaire privée hors contrat Parle-moi,ECOLE ELEMENTAIRE PRIVEE HORS CONTRAT,Privé,17220,46.16824599256113,-1.0221232881163225
Section d'enseignement général et professionnel adapté du Collège Jean Hay,SEGPA,Public,17320,45.82753206063742,-1.1059466556838236
Lycée général privé hors contrat Le Village St Georges de Didonne,ECOLE 2D DEGRE GENERAL PRIVEE,Privé,17110,45.61948340765489,-0.966457328102412
